{
 "address": "1CyNApZ4zp7k3SSXsrW54vEFMHHBpDy3nm",
 "address_index": 89067746,
 "background-color": "#FFF",
 "clone_root": "template-new",
 "cloned_from": "1HeLLo4uzjaLetFx6NH3PMwFP3qbRbTf3D",
 "description": "",
 "files": {
  "add.html": {
   "sha512": "cd021f5d71dd062862f4d3deb42e5e9945a867ad766721e844a0b140bec9aa31",
   "size": 2573
  },
  "css/add.css": {
   "sha512": "d790a3ced909eb0df57f7b9a52fc54bd04cb49b3d894576ac2769904ad5e8eec",
   "size": 503
  },
  "css/header.css": {
   "sha512": "f1c73591688231ffe805910cae6ea2717e056f433acddb0e972ac62464951cad",
   "size": 574
  },
  "css/index.css": {
   "sha512": "3b06580429cfe0892771b3cbc220e2dcfb37e5d4c8cf6cfd984dc2921201d48a",
   "size": 276
  },
  "css/question.css": {
   "sha512": "aeba0276c4c989c8944bf917acfbc65fbc9369773a97d9fa43e8252839a3448f",
   "size": 682
  },
  "css/view.css": {
   "sha512": "b769a407971adb8bc3c51fd8f28653270be85078dbd6f0e247352f5189e685a5",
   "size": 509
  },
  "data/votes.db": {
   "sha512": "0cbbaf394765ca28644002e11164f16fa4fab4dc3c2db0048dfded5b8ca04468",
   "size": 13312
  },
  "dbschema.json": {
   "sha512": "413c72db135d6670d2c8b1622ff7d03739700d852a4b8e2d0986e9e979d45bd9",
   "size": 1198
  },
  "index.html": {
   "sha512": "be551e9c39ebcee432943b5c6f9570edd9d1e306c5790961ec5e82545530d8c2",
   "size": 1431
  },
  "js/ZeroAuth.js": {
   "sha512": "cd1a8cdc33dff0d02718285bbe9fefad12160518f695cec6fd331cbbd5138f3c",
   "size": 1833
  },
  "js/ZeroFS.js": {
   "sha512": "370cd092cb973cfd3dabedac3ee6afd99e59a2d63fd9bfe8247741de8bc9ca91",
   "size": 2741
  },
  "js/ZeroFrame.js": {
   "sha512": "8bc18006f7bb457cca2338239ea345bc1db54a664b4bc9b8a34f4e4133d1776b",
   "size": 3816
  },
  "js/ZeroPage.js": {
   "sha512": "d7060188b28e039c78dc5ca1b8b4820ebac55c536fd37949673bea38991da2f3",
   "size": 8011
  },
  "js/add.js": {
   "sha512": "b4a5948e976bf5ca85d0114bd9b06ab84ac553e8dace5b071dd9dd1bb3e9f552",
   "size": 776
  },
  "js/index.js": {
   "sha512": "061db05bf2375220d9aa71768a724d438c4cb12053b24926d831f6d70eaca08c",
   "size": 814
  },
  "js/view.js": {
   "sha512": "6acd633c6a220878895c06a7e3923817183c806393b2c3cf5cad19f1903cf541",
   "size": 2275
  },
  "js/votes.js": {
   "sha512": "16ce58a3bed186199caaabfa219b589640b862e99f7adcce73fffca93cb3e631",
   "size": 3153
  },
  "view.html": {
   "sha512": "8a7935b80c22ba696e8bd26c499f0aacdd1f19e7a5ba62d7ce360120aac099b8",
   "size": 1392
  }
 },
 "ignore": "data/users/.*",
 "includes": {
  "data/users/content.json": {
   "signers": [],
   "signers_required": 1
  }
 },
 "inner_path": "content.json",
 "modified": 1502897425,
 "postmessage_nonce_security": true,
 "signers_sign": "G6p8plnKRry9GSDae2f0xNxOWkZSMWl01+TzJikbXCWHfXszB/YkssQTK5mnFyt7+FTSXAyLHUohx4JE+zSsGHU=",
 "signs": {
  "1CyNApZ4zp7k3SSXsrW54vEFMHHBpDy3nm": "Gw52vxpNk25qvgUMXDZgG8LujecnhRwwbuskoGvGMHI1LZM5a742nHipQhMJRX4z27TXvFQHJpt6GWTs9uw3spw="
 },
 "signs_required": 1,
 "title": "YouVote",
 "translate": ["js/all.js"],
 "zeronet_version": "0.5.7"
}