{
	"db_name": "votes",
	"db_file": "data/votes.db",
	"version": 2,
	"maps": {
		"users/.*/data.json": {
			"to_table": [
				{
					"node": "questions",
					"table": "questions"
				},
				{
					"node": "answers",
					"table": "answers",
					"key_col": "question_id",
					"val_col": "answer_id"
				}
			]
		}
	},
	"tables": {
		"json": {
			"cols": [
				["json_id", "INTEGER PRIMARY KEY AUTOINCREMENT"],
				["directory", "TEXT"],
				["file_name", "TEXT"]
			],
			"indexes": ["CREATE UNIQUE INDEX path ON json(directory, file_name)"],
			"schema_changed": 1
		},
		"questions": {
			"cols": [
				["id", "integer"],
				["question", "text"],
				["answers", "text"],
				["date_added", "integer"],
				["json_id", "integer references json(json_id)"]
			],
			"indexes": [
				"CREATE UNIQUE INDEX question_id ON questions(id)"
			],
			"schema_changed": 2
		},
		"answers": {
			"cols": [
				["question_id", "integer"],
				["answer_id", "integer"],
				["json_id", "integer references json(json_id)"]
			],
			"indexes": [
				"CREATE UNIQUE INDEX answer_value ON answers(question_id, json_id)"
			],
			"schema_changed": 2
		}
	}
}