{
 "address": "1CyNApZ4zp7k3SSXsrW54vEFMHHBpDy3nm",
 "address_index": 89067746,
 "background-color": "#FFF",
 "clone_root": "template-new",
 "cloned_from": "1HeLLo4uzjaLetFx6NH3PMwFP3qbRbTf3D",
 "description": "",
 "files": {
  "css/edit.css": {
   "sha512": "9420adc7151c752302f1a2ed423039df046fc25a111d4f523e7ef9527fd2bbc8",
   "size": 99
  },
  "css/header.css": {
   "sha512": "3265b0bf3301218b471da78b96b83fe641c8435c7b6ac264c3e4313ba7c345b4",
   "size": 332
  },
  "css/index.css": {
   "sha512": "136ceddb4a688e49e1837d3bc07272fef49be217cc35fb3b29f316bdb686373b",
   "size": 191
  },
  "css/posts.css": {
   "sha512": "e3d0ef7816158689e31c64bde8296d6a0d13a563ff31777b552f4c3bc2c779cf",
   "size": 956
  },
  "data/mydatabase.db": {
   "sha512": "f16b1b6117e6f9013916b25f8b56730e1364e3a3acdd4f25b12c980762fb7122",
   "size": 8192
  },
  "dbschema.json": {
   "sha512": "3df3b740dbd1473addb5ac38d03d97242a8f65c9914ffce560db2c3a302c2021",
   "size": 1048
  },
  "edit.html": {
   "sha512": "037c4ecd7cb63858bd30c6a3eebc315c0349716bec327fae79a410018df4a4e4",
   "size": 1389
  },
  "index.html": {
   "sha512": "cb9c93df4290e8918812d5571b6fd0a0f4679109bcfdabab1ff7d7bf2f4dbfdd",
   "size": 1084
  },
  "js/ZeroFS.js": {
   "sha512": "370cd092cb973cfd3dabedac3ee6afd99e59a2d63fd9bfe8247741de8bc9ca91",
   "size": 2741
  },
  "js/ZeroFrame.js": {
   "sha512": "8bc18006f7bb457cca2338239ea345bc1db54a664b4bc9b8a34f4e4133d1776b",
   "size": 3816
  },
  "js/ZeroPage.js": {
   "sha512": "d7060188b28e039c78dc5ca1b8b4820ebac55c536fd37949673bea38991da2f3",
   "size": 8011
  },
  "js/edit.js": {
   "sha512": "e23accfdc057f5b9da0cb1b619a5032a34936e7403613e396be5f601f94353b6",
   "size": 845
  },
  "js/index.js": {
   "sha512": "11dad49628546129fb0c55d0f43e5bf6460e83680d8c929e60353394956db0d5",
   "size": 550
  },
  "js/posts.js": {
   "sha512": "6a9eae4a3d4ea971b9cd023eabe98a15cc43902dbe3b2787f5b3b1b35011ef94",
   "size": 2651
  },
  "js/view.js": {
   "sha512": "74644a00d718429349ca0a5069584550af223b5c3aae0b0e4ba1ddf13ed00b05",
   "size": 552
  },
  "post.html": {
   "sha512": "90b07a9be2d67570efddd717df0b67df0150dec218c1f450bda789115c3a5c7f",
   "size": 1205
  }
 },
 "ignore": "",
 "inner_path": "content.json",
 "modified": 1502802771,
 "postmessage_nonce_security": true,
 "signers_sign": "G6p8plnKRry9GSDae2f0xNxOWkZSMWl01+TzJikbXCWHfXszB/YkssQTK5mnFyt7+FTSXAyLHUohx4JE+zSsGHU=",
 "signs": {
  "1CyNApZ4zp7k3SSXsrW54vEFMHHBpDy3nm": "HK850KkdJxHlPp8IlGiR8URVXu4K9UFjYCYGE7lK8dgxQwGM/s9vNbZGSHQAoZKcC9UkqD844SK0e4/EmSFvVkY="
 },
 "signs_required": 1,
 "title": "Ivanq's Blog",
 "translate": ["js/all.js"],
 "zeronet_version": "0.5.7"
}