{
 "address": "1CyNApZ4zp7k3SSXsrW54vEFMHHBpDy3nm",
 "address_index": 89067746,
 "background-color": "#FFF",
 "clone_root": "template-new",
 "cloned_from": "1HeLLo4uzjaLetFx6NH3PMwFP3qbRbTf3D",
 "description": "",
 "files": {
  "contacts.html": {
   "sha512": "b853fbb30a351f6f7da7837cf443c995445a506061657700c4455baca2f61f88",
   "size": 906
  },
  "css/content.css": {
   "sha512": "960d65277404276ae34388907b0f9f0ebce140045aba0b5ca32288f26c3e11e1",
   "size": 451
  },
  "css/header.css": {
   "sha512": "8b9c7452c9ba956a6791317c91cc555872a6781e2460f9fbedf2b91951014723",
   "size": 603
  },
  "css/index.css": {
   "sha512": "819b0ad09863f4b079221ddf32193fd326f528cc66f0e37d8cbbd23b9b4ed33c",
   "size": 58
  },
  "css/portfolio.css": {
   "sha512": "3365a819ad55e46a7921251ff9b76b2b48d29a07a968e3ed06fcf70cfc83b762",
   "size": 740
  },
  "img/zeronet.png": {
   "sha512": "02ebe6667230bcc4381c3fe413a3f518cb8a190fa511173eaf88e4fdb3715a0a",
   "size": 67115
  },
  "index.html": {
   "sha512": "b44adb8d16e5c5afdad90d66352050b37b000a1d258b4fe52cb2cdf59c1b70af",
   "size": 841
  },
  "js/ZeroFrame.js": {
   "sha512": "8bc18006f7bb457cca2338239ea345bc1db54a664b4bc9b8a34f4e4133d1776b",
   "size": 3816
  },
  "portfolio.html": {
   "sha512": "987aa35ebf41c65880d09debadaee460096a710f5bf591b635d23a31b370aa0e",
   "size": 1103
  },
  "portfolio/zeronet.html": {
   "sha512": "242bd6bad2020ada66190fbd089e1c8e26746bbfda1d986624f2c803ad17434e",
   "size": 840
  }
 },
 "ignore": "",
 "inner_path": "content.json",
 "modified": 1502692885,
 "postmessage_nonce_security": true,
 "signers_sign": "G6p8plnKRry9GSDae2f0xNxOWkZSMWl01+TzJikbXCWHfXszB/YkssQTK5mnFyt7+FTSXAyLHUohx4JE+zSsGHU=",
 "signs": {
  "1CyNApZ4zp7k3SSXsrW54vEFMHHBpDy3nm": "HPAG7b1Hrw42FMJUlC/1lYZi95pcW+hyux9MKIXFHk/vAKWCwvI9HBqI6Blvc0ajo2ActqvPL2D8jhVg1/NrhfE="
 },
 "signs_required": 1,
 "title": "Ivanq's Portfolio",
 "translate": ["js/all.js"],
 "zeronet_version": "0.5.7"
}