{
 "address": "1CyNApZ4zp7k3SSXsrW54vEFMHHBpDy3nm",
 "address_index": 89067746,
 "background-color": "#FFF",
 "clone_root": "template-new",
 "cloned_from": "1HeLLo4uzjaLetFx6NH3PMwFP3qbRbTf3D",
 "description": "",
 "files": {
  "css/index.css": {
   "sha512": "7af1d7e7909815bbf50c0d34e68c25b46f7a46b0ce825322408b5cf17f13d16a",
   "size": 365
  },
  "index.html": {
   "sha512": "432698d0d2efe2bf904cb7f789f518ce4ec7ef2bff2843525fd7b0e824628973",
   "size": 790
  },
  "js/ZeroFrame.js": {
   "sha512": "8bc18006f7bb457cca2338239ea345bc1db54a664b4bc9b8a34f4e4133d1776b",
   "size": 3816
  },
  "js/index.js": {
   "sha512": "415649c5eb90991271293cd4161e18277a41a1779f121d4c852e405503b32b86",
   "size": 581
  },
  "js/notepad.js": {
   "sha512": "0aecf1a7d074f8a8dc7758f6b78fdd49fb7d8d1e9ba952f4c9dcb5c7d673e2df",
   "size": 454
  },
  "notepad.txt": {
   "sha512": "bce23583a41e0666aad28f9278dbf4dcd9c1a67d08cf84f67dc5b10cb4812268",
   "size": 2
  }
 },
 "ignore": "",
 "inner_path": "content.json",
 "modified": 1502698890,
 "postmessage_nonce_security": true,
 "signers_sign": "G6p8plnKRry9GSDae2f0xNxOWkZSMWl01+TzJikbXCWHfXszB/YkssQTK5mnFyt7+FTSXAyLHUohx4JE+zSsGHU=",
 "signs": {
  "1CyNApZ4zp7k3SSXsrW54vEFMHHBpDy3nm": "HAmBU7aEn3XOy/8fTmwwqvD9MiussqNc8sdia1gSZBd+BI0ukwpQJS9t5VvikxGVcpecSKETLPF3PNY5cEHIBMA="
 },
 "signs_required": 1,
 "title": "Notepad",
 "translate": ["js/all.js"],
 "zeronet_version": "0.5.7"
}