{
 "address": "1CyNApZ4zp7k3SSXsrW54vEFMHHBpDy3nm",
 "files": {},
 "ignore": ".*",
 "inner_path": "data/users/content.json",
 "modified": 1502896496,
 "signs": {
  "1CyNApZ4zp7k3SSXsrW54vEFMHHBpDy3nm": "G2EnT4jW6lh/5c5YIXHWn4OuNzuDcnK+QDI5WWTJVMXuGloa2g6WndlPfZM16agB4CYxx+WNJNI0642cys82JTE="
 },
 "user_contents": {
  "cert_signers": {
   "zeroid.bit": ["1iD5ZQJMNXu43w1qLB8sfdHVKppVMduGz"]
  },
  "permission_rules": {
   ".*": {
    "files_allowed": "data.json",
    "max_size": 10000
   }
  },
  "permissions": {
   "ivanq@zeroid.bit": {"max_size": 100000}
  }
 }
}