{
 "address": "1CyNApZ4zp7k3SSXsrW54vEFMHHBpDy3nm",
 "address_index": 89067746,
 "background-color": "#FFF",
 "clone_root": "template-new",
 "cloned_from": "1HeLLo4uzjaLetFx6NH3PMwFP3qbRbTf3D",
 "description": "",
 "files": {
  "css/edit.css": {
   "sha512": "9420adc7151c752302f1a2ed423039df046fc25a111d4f523e7ef9527fd2bbc8",
   "size": 99
  },
  "css/header.css": {
   "sha512": "3265b0bf3301218b471da78b96b83fe641c8435c7b6ac264c3e4313ba7c345b4",
   "size": 332
  },
  "css/index.css": {
   "sha512": "136ceddb4a688e49e1837d3bc07272fef49be217cc35fb3b29f316bdb686373b",
   "size": 191
  },
  "css/posts.css": {
   "sha512": "e3d0ef7816158689e31c64bde8296d6a0d13a563ff31777b552f4c3bc2c779cf",
   "size": 956
  },
  "data/admin/data.json": {
   "sha512": "de002d4df4a11d9531b679314f71a0f610dd4d99a4c607cb3ffefe37dee236c6",
   "size": 698
  },
  "data/mydatabase.db": {
   "sha512": "4bd72f2f57f3571092283ee65c692f2c74a22cdb887f898809628379268bdfd0",
   "size": 8192
  },
  "dbschema.json": {
   "sha512": "3df3b740dbd1473addb5ac38d03d97242a8f65c9914ffce560db2c3a302c2021",
   "size": 1048
  },
  "edit.html": {
   "sha512": "d50d7b2d9a16795778fe226d0e247ae454f8a45fe8ca9e8feffd2144314e2126",
   "size": 1323
  },
  "index.html": {
   "sha512": "d98400efb3463e2113f20403282d89cbc294c2e6048d268d052a67bd3f701281",
   "size": 1019
  },
  "js/ZeroFrame.js": {
   "sha512": "8bc18006f7bb457cca2338239ea345bc1db54a664b4bc9b8a34f4e4133d1776b",
   "size": 3816
  },
  "js/edit.js": {
   "sha512": "730512ebe9348ffd7dcd46b0119dd5abdc578455aaf0490b856c24c13b2f410a",
   "size": 705
  },
  "js/files.js": {
   "sha512": "48de33ff1063db172e0381d58076d9318ea4b5bc46b5726eaefe6a96f5a03f9e",
   "size": 424
  },
  "js/index.js": {
   "sha512": "b3ab089e5c71b6f9b93e1c35c0ccbeaf067dcf52ae3fc02821a59b6e6b130fec",
   "size": 436
  },
  "js/posts.js": {
   "sha512": "6ab54833e33c83e4cc9d243aef8aa92050cd95b4fc2b5d4acdd66a96d9954f0b",
   "size": 2780
  },
  "js/view.js": {
   "sha512": "301ca9403c550953e4d7ffff97932ddb42a4da7632fe9bc5ff3d0b8fc8c6a80d",
   "size": 446
  },
  "post.html": {
   "sha512": "aeeb7377912c049422d9d733bb2841f3beafb06c3a7c371e997c2913b5d0ed33",
   "size": 1139
  }
 },
 "ignore": "",
 "inner_path": "content.json",
 "modified": 1502785052,
 "postmessage_nonce_security": true,
 "signers_sign": "G6p8plnKRry9GSDae2f0xNxOWkZSMWl01+TzJikbXCWHfXszB/YkssQTK5mnFyt7+FTSXAyLHUohx4JE+zSsGHU=",
 "signs": {
  "1CyNApZ4zp7k3SSXsrW54vEFMHHBpDy3nm": "HLhbhFJ8l2itO+2t77gQLSrMFEzsIt43jaBHRUQRiVHFViatfEGdcpHqlAfUGMj24qpuoQAq+h2s7C4P4K30rsE="
 },
 "signs_required": 1,
 "title": "Ivanq's Blog",
 "translate": ["js/all.js"],
 "zeronet_version": "0.5.7"
}