{
    "db_name": "mydatabase",
    "db_file": "data/mydatabase.db",
    "version": 2,
    "maps": {
        "admin/data.json": {
            "to_table": [
                {
                    "node": "posts",
                    "table": "posts"
                }
            ]
        }
    },
    "tables": {
        "json": {
            "cols": [
                ["json_id", "INTEGER PRIMARY KEY AUTOINCREMENT"],
                ["directory", "TEXT"],
                ["file_name", "TEXT"]
            ],
            "indexes": ["CREATE UNIQUE INDEX path ON json(directory, file_name)"],
            "schema_changed": 1
        },
        "posts": {
            "cols": [
                ["id", "integer"],
                ["title", "text"],
                ["content", "text"],
                ["json_id", "integer references json(json_id)"]
            ],
            "indexes": [
                "CREATE UNIQUE INDEX post_id ON posts(id)"
            ],
            "schema_changed": 1
        }
    }
}