{
 "address": "1CyNApZ4zp7k3SSXsrW54vEFMHHBpDy3nm",
 "address_index": 89067746,
 "background-color": "#FFF",
 "clone_root": "template-new",
 "cloned_from": "1HeLLo4uzjaLetFx6NH3PMwFP3qbRbTf3D",
 "description": "",
 "files": {
  "add.html": {
   "sha512": "89a04d4e3ddc6d3a725e71890fe64b94e844340e6cbc22107d603007ef0638e1",
   "size": 2505
  },
  "css/add.css": {
   "sha512": "d790a3ced909eb0df57f7b9a52fc54bd04cb49b3d894576ac2769904ad5e8eec",
   "size": 503
  },
  "css/header.css": {
   "sha512": "f1c73591688231ffe805910cae6ea2717e056f433acddb0e972ac62464951cad",
   "size": 574
  },
  "css/index.css": {
   "sha512": "3b06580429cfe0892771b3cbc220e2dcfb37e5d4c8cf6cfd984dc2921201d48a",
   "size": 276
  },
  "css/question.css": {
   "sha512": "aeba0276c4c989c8944bf917acfbc65fbc9369773a97d9fa43e8252839a3448f",
   "size": 682
  },
  "css/view.css": {
   "sha512": "b769a407971adb8bc3c51fd8f28653270be85078dbd6f0e247352f5189e685a5",
   "size": 509
  },
  "data/votes.db": {
   "sha512": "c0dca064e038231626f6af517a03f96c2dbcb6430558e9b3f0b0d95c63fe0ff5",
   "size": 13312
  },
  "dbschema.json": {
   "sha512": "413c72db135d6670d2c8b1622ff7d03739700d852a4b8e2d0986e9e979d45bd9",
   "size": 1198
  },
  "index.html": {
   "sha512": "ea4dba4d66094a0b575c7ad55708db06cd8e834a64efa57a6fb8d00f3b18e00c",
   "size": 1364
  },
  "js/ZeroFrame.js": {
   "sha512": "8bc18006f7bb457cca2338239ea345bc1db54a664b4bc9b8a34f4e4133d1776b",
   "size": 3816
  },
  "js/add.js": {
   "sha512": "eda40e25499ac48be347ec796bb93f89885633ff9c801eb5979916eea717bd12",
   "size": 638
  },
  "js/files.js": {
   "sha512": "48de33ff1063db172e0381d58076d9318ea4b5bc46b5726eaefe6a96f5a03f9e",
   "size": 424
  },
  "js/index.js": {
   "sha512": "debe04fddb79753340fc378d6e9b27b6a012eec9fe1d777da7ccb237ada588f0",
   "size": 667
  },
  "js/view.js": {
   "sha512": "7082790ab4c1142bf7fe0f9953e72211001e0684f5a511f3c14694fa5c1f75a4",
   "size": 2061
  },
  "js/votes.js": {
   "sha512": "fc5e55668f5be042a84c299c0999a5e34b3b978841f96004e6dc9a8ba273792e",
   "size": 3089
  },
  "js/zeroid.js": {
   "sha512": "c74b73d8d3ea006357826abde823900ed989a42e395eb20667f7e5f840e0102c",
   "size": 810
  },
  "view.html": {
   "sha512": "9c7eaa6b9b206da600ae94cc9c7fe3d3ff260f27559f44fc3cda22328336e97a",
   "size": 1324
  }
 },
 "ignore": "data/users/.*",
 "includes": {
  "data/users/content.json": {
   "signers": [],
   "signers_required": 1
  }
 },
 "inner_path": "content.json",
 "modified": 1502896495,
 "postmessage_nonce_security": true,
 "signers_sign": "G6p8plnKRry9GSDae2f0xNxOWkZSMWl01+TzJikbXCWHfXszB/YkssQTK5mnFyt7+FTSXAyLHUohx4JE+zSsGHU=",
 "signs": {
  "1CyNApZ4zp7k3SSXsrW54vEFMHHBpDy3nm": "HEabW1MbckyQmj/31rnQmEH0y3B199qVIM0fwBEGdy0+dvVDi6hijC+/Fy8vtKcs73mw6EZ6yOdhQEUDxRivgMw="
 },
 "signs_required": 1,
 "title": "YouVote",
 "translate": ["js/all.js"],
 "zeronet_version": "0.5.7"
}