{
 "address": "1CyNApZ4zp7k3SSXsrW54vEFMHHBpDy3nm",
 "files": {},
 "ignore": ".*",
 "inner_path": "data/users/content.json",
 "modified": 1502897426,
 "signs": {
  "1CyNApZ4zp7k3SSXsrW54vEFMHHBpDy3nm": "HKx1oMoeJb0jzvrV6W0uo/4M+U/8NI/aFUJkarA7mZuGA4JibrYPcfoS3WAFz1vfHlJSFQuGoPkMlbQK9MekWOY="
 },
 "user_contents": {
  "cert_signers": {
   "zeroid.bit": ["1iD5ZQJMNXu43w1qLB8sfdHVKppVMduGz"]
  },
  "permission_rules": {
   ".*": {
    "files_allowed": "data.json",
    "max_size": 10000
   }
  },
  "permissions": {
   "ivanq@zeroid.bit": {"max_size": 100000}
  }
 }
}